Model,SSE,MSE,RMSE,MAE,MeanError,MedianAE,R2,Training_time,Gain_vs_Analytic,Gain_Incremental
Analytic,38.626708984375,0.00029674504474506026,0.017226289349278338,0.006096751894801855,0.0018610432744026184,0.0022072880528867245,0.06747562264929396,,,
ANN-3F,35.18790054321289,0.00027032681260534763,0.016441618308589565,0.006187013816088438,2.72192046395503e-05,0.0023268491495400667,0.15049519083772622,56.0s,8.90%,
ANN-4F,29.71826171875,0.00022830697036714092,0.015109830256066444,0.006166804116219282,2.92748591164127e-05,0.002669817768037319,0.2825429803912901,55.5s,23.06%,15.54%
Total,,,,,,,,111.5s,,
