model,mean,std,skew,kurtosis,pct_within_1std,q05,q25,q50,q75,q95
Analytic,0.0018610432744026184,0.017125466838479042,10.479873657226562,197.8586883544922,92.0041792145535,-0.011631889268755913,-0.0017649201909080148,0.00029081449611112475,0.0026593911461532116,0.017543571069836617
ANN-3F,2.72192046395503e-05,0.016441594809293747,8.763188362121582,167.82675170898438,91.14144797492472,-0.016286414116621017,-0.0028419853188097477,-0.00020181608851999044,0.0018862589495256543,0.013466700911521912
ANN-4F,2.92748591164127e-05,0.015109801664948463,7.130940914154053,129.0238494873047,90.51994345768544,-0.015462216921150684,-0.0030924947932362556,-0.0002175419358536601,0.002284772228449583,0.013371763750910759
