epoch,loss,val_loss
1,0.00018136931024832753,0.00011075681566994043
2,0.00015824925728974217,0.00010619208563239168
3,0.00013734432398715846,9.455577892712016e-05
4,0.00012178328555162393,9.17573225628827e-05
5,0.00011496115058717822,0.00010319509946261272
6,0.00011012939579930673,0.00010562544533744534
7,0.00010570990621743722,0.0001039999248490003
8,0.00010281624166319937,9.437822865678273e-05
9,0.00010020429112162957,9.601655471873505e-05
10,9.615215902797835e-05,9.661175440970719e-05
11,9.478458580953904e-05,9.912526680688444e-05
12,9.251022285088017e-05,9.304046787074414e-05
13,9.057706441759325e-05,9.469246439836726e-05
14,8.875894968157129e-05,0.00010261650244536081
15,8.729281522503455e-05,9.763594982635222e-05
16,8.526829969543169e-05,9.827084962381156e-05
