Model,SSE,MSE,RMSE,MAE,MeanError,MedianAE,R2,Training_time,Gain_vs_Analytic
Analytic (4F),17.891374588012695,0.00010732742600743073,0.010359895077047388,0.004404776263982058,0.0007697864784859121,0.00227120378986001,0.10086845514633624,,
4F,5.111166000366211,3.066104775893203e-05,0.005537241890953657,0.0022276858799159527,9.91040506050922e-05,0.001359105110168457,0.7431382055467178,855.9s,71.43%
Analytic (5F),17.891374588012695,0.00010732742600743073,0.010359895077047388,0.004404776263982058,0.0007697864784859121,0.00227120378986001,0.10086845514633624,,
5F,1.341453194618225,8.047158019053654e-06,0.0028367513142772407,0.0017095570219680667,-6.575667794095352e-05,0.0011454224586486816,0.9325852310959892,793.0s,92.50%
Analytic (6F),17.371009826660156,0.00010547381418173081,0.010270044507290648,0.004385721404105425,0.0007747536292299628,0.0022677823435515165,0.09959686859355621,,
6F,1.2700334787368774,7.711427054475712e-06,0.0027769456340511443,0.0016748618800193071,0.0002130113571183756,0.0011229142546653748,0.9341695081255061,830.0s,92.69%
Analytic (8F),17.371009826660156,0.00010547381418173081,0.010270044507290648,0.004385721404105425,0.0007747536292299628,0.0022677823435515165,0.09959686859355621,,
8F,0.21637438237667084,1.3137884111640963e-06,0.001146206094541508,0.000606439309194684,6.300007225945592e-05,0.0003619343042373657,0.9887845224087616,815.7s,98.75%
Total,,,,,,,,3294.6s,
